City,Region,Country,2015,2016,2017,2018,2019,2020
New York City,New York,United States of America,2.050969796,2.434162742,2.543467512,1.999629744,3.188435467,2.739817004
"Washington, D.C.",District of Columbia,United States of America,0,1.658978523,0,0,1.247186512,1.691546812
San Francisco,California,United States of America,3.831319171,2.174309061,0,2.729322806,1.918021681,1.794872571
Berlin,,Germany,1.870292768,1.847353086,1.73619484,1.798435128,1.53317151,1.678551794
Los Angeles,California,United States of America,2.109755205,2.042950296,2.37364369,2.010615831,2.085187856,1.780232767
Bern,Canton of Bern,Switzerland,0,3.361605296,0,0,0,2.940457046
Geneva,Canton of Geneva,Switzerland,2.707562136,3.345960082,0,0,3.498757941,2.654217864
Zurich,Canton of Zurich,Switzerland,3.103770899,3.151504965,3.131199314,2.972795242,3.398793428,2.741650924
Basel,,Switzerland,3.331570598,0,3.386974761,0,0,2.833767896
London,England,United Kingdom,1.631282845,1.467854463,1.400472616,1.371340054,1.444535058,1.38613991
Cairo,Cairo Governorate,Egypt,1.036022257,1.017592689,0.542694269,0.674553273,0.699370467,0.836815814
Alexandria,Alexandria Governorate,Egypt,1.088096487,1.080118148,0.569859644,0.589943024,0.859426109,0.843035391
Paris,Ile-de-France,France,2.156648452,2.184634402,2.267502612,2.226355917,2.460159331,2.414157316
Boston,Massachusetts,United States of America,1.632080725,1.426992097,1.385762791,1.494434581,1.574100552,1.782605122
Toronto,Ontario,Canada,1.239477209,1.353353564,1.235250979,1.672705407,1.311006377,1.143769727
Sao Paulo,Sao Paulo,Brazil,1.216809817,1.279826383,1.433464132,1.237189591,1.238648553,1.03580488
Vilnius,,Lithuania,1.452340244,1.329268227,1.115171774,1.206971169,1.148571841,1.136565224
City of Brussels,,Belgium,1.68184578,1.786052144,2.057769816,2.018651674,1.818002045,2.167185236
Poznan,Greater Poland Voivodeship,Poland,1.184060318,1.160520648,1.14651069,0,1.178280826,1.22111275
Tashkent,,Uzbekistan,2.497,0,0,1.811441966,2.4,2.005
Warsaw,Masovian Voivodeship,Poland,1.162617349,1.193757009,1.148169472,1.195367902,1.177237638,1.321851656
Singapore,,Singapore,2.328471244,2.021089973,2.039587955,1.77545893,2.383122771,2.391759795
Montreal,Quebec,Canada,1.371959645,1.476437628,1.322605215,1.732790704,1.318619729,1.413778157
Cambridge,England,United Kingdom,0,1.813946717,0,1.645174424,0,0
Cologne,North Rhine-Westphalia,Germany,1.756830601,1.970711772,1.88212171,1.978612302,1.667823323,2.159937829
Skopje,Greater Skopje,North Macedonia,0.978030236,1.047357741,1.007372908,1.070135726,1.084560821,1.068030738
Gdynia,Pomeranian Voivodeship,Poland,1.152202193,0,0,0,1.251303985,0
Szczecin,West Pomeranian Voivodeship,Poland,1.226537818,0,0,0,1.062747757,1.116683095
Ljubljana,Ljubljana City Municipality,Slovenia,1.218579235,1.399395247,1.3136289,1.415975709,1.365600304,1.371157996
Plovdiv,Plovdiv region,Bulgaria,1.386694474,1.541776333,1.392704518,0,1.484654666,1.528183874
Sofia,Sofia City Province,Bulgaria,1.383876194,1.539058372,1.493668064,1.532180993,1.426953417,1.516656642
Milan,Lombardy,Italy,1.979599271,2.112895902,2.041923594,2.134765853,2.234211646,2.204228128
Lodz,Lodz Voivodeship,Poland,0.929195317,1.045177811,1.066063857,1.109292353,1.095347382,1.23117448
Oslo,,Norway,2.412608964,2.477663188,2.730086257,2.537546736,2.676320608,2.191289347
Bonn,North Rhine-Westphalia,Germany,0,0,1.893939394,1.644672817,1.667823323,1.768866612
Katowice,Silesian Voivodeship,Poland,1.058692696,1.045177811,0,1.24403079,1.056227832,1.191337751
Lisbon,Lisbon,Portugal,1.124772313,1.183742332,1.124901371,1.457924854,1.20433178,1.22125173
Dubai,Emirate of Dubai,United Arab Emirates,1.877284731,1.925124418,1.875973299,1.510913981,1.79334602,1.62881921
Padua,Veneto,Italy,0,2.125666932,0,0,0,0
Bergamo,Lombardy,Italy,0,0,0,0,0,2.159937829
Lille,,France,0,0,1.634572324,0,0,0
Moscow,,Russia,1.262086019,1.045799366,1.10418654,0.967388288,1.007774123,0.962715078
Saint Petersburg,,Russia,1.072681786,1.014904929,1.077327572,0.912498931,0.921462855,0.904965511
Lausanne,Canton of Vaud,Switzerland,3.01427816,0,2.962657314,0,0,2.518904797
Novosibirsk,Novosibirsk Oblast,Russia,1.29423799,1.037476734,1.24844164,1.121670841,1.17294076,1.097169899
Yekaterinburg,Sverdlovsk Oblast,Russia,0,1.119191921,1.151418554,1.011907337,1.050773112,1.022789314
Samara,Samara Oblast,Russia,0,0.8376664,0,0.913360542,1.03855482,0.962205975
Kazan,Republic of Tatarstan,Russia,0,1.098829188,1.114401713,0.977456018,0.938190279,0.928152595
Chelyabinsk,Chelyabinsk Oblast,Russia,1.353721792,0,0,0,1.000372658,0
Ufa,Bashkortostan,Russia,0,0,0,0,0,0.997843233
Krasnoyarsk,Krasnoyarsk Krai,Russia,0,0,0,1.265885663,0,0
Beijing,,People's Republic of China,1.653412482,1.411325231,1.036251168,1.433937561,1.432485701,1.204937441
Vladivostok,Primorsky Krai,Russia,0,1.594091235,0,0,1.387285238,1.225921686
San Antonio,Texas,United States of America,0,1.08467433,1.208133197,0,1.256634894,1.188046635
Tomsk,Tomsk Oblast,Russia,0,0,0,0.913040064,1.019463739,1.052826432
Tbilisi,,Georgia,1.61083594,1.770109235,1.517053234,1.424196165,1.324057451,1.236806051
Aachen,North Rhine-Westphalia,Germany,0,0,1.826298701,1.71279536,1.602901341,1.853761075
Stuttgart,Baden-Wurttemberg,Germany,1.558469945,1.52571234,1.812304075,1.563574552,1.710109671,2.017983152
Karlsruhe,Baden-Wurttemberg,Germany,0,1.900329209,1.949917898,1.557865234,1.670062012,2.208183863
Hamburg,,Germany,1.87431694,1.925303667,1.987236901,1.918136167,1.743124681,1.975535921
Ahmedabad,Gujarat,India,0.535936316,0.693617519,0.617360647,0.53682293,0.520589058,0.573307217
Prague,,Czech Republic,1.23398165,1.336050249,1.344333201,1.454060324,1.315503934,1.374937229
Mumbai,Maharashtra,India,0.69600263,0.766010929,0.743421291,0.743522064,0.734257338,0.700290949
Jerusalem,Jerusalem District,Israel,2.246146697,2.183933561,2.264511984,0,1.847522228,0
Grenoble,,France,0,0,0,0,0,2.558895418
Dortmund,North Rhine-Westphalia,Germany,0,0,0,0,0,1.743537444
Ghent,Flemish Region,Belgium,0,0,0,0,0,1.80644285
Chicago,Illinois,United States of America,1.697559419,1.28511127,1.769256523,1.786962758,1.40177255,1.579227935
Montevideo,Montevideo Department,Uruguay,2.551893586,2.254557321,1.929892324,2.329477887,2.156060664,1.975805769
Pittsburgh,Pennsylvania,United States of America,1.936393536,1.59467703,1.212542442,0,0,0
Philadelphia,Pennsylvania,United States of America,1.546475148,1.331592064,1.70123379,0,2.368417672,1.392586623
Kolkata,West Bengal,India,0.684569322,0.758188519,0.849032672,0.681752539,0.675488256,0.71287042
Chennai,Tamil Nadu,India,0.790272454,0.756284121,0.911077368,0.84057126,0.885734317,0.805416978
Delhi,,India,0.766733687,0.760381083,0.877341105,0.793647843,0.759141193,0.709536433
Dhaka,Dhaka Division,Bangladesh,0.932177348,0.957128009,1.115463097,1.174223956,1.256674852,1.054288717
Hyderabad,Telangana,India,0.63030577,0.567330664,0.593057375,0.672749656,0.634062818,0.635623843
Islamabad,Islamabad Capital Territory,Pakistan,0.965549394,1.242532855,1.261782309,1.08809895,0.838894185,0.70926958
Zagreb,,Croatia,1.568457815,1.677440142,1.629444277,1.73392534,1.605807493,1.489670217
Genoa,Liguria,Italy,0,0,0,0,1.790951219,1.890502286
Manila,Metro Manila,Philippines,2.033555087,1.738091358,1.314992122,0,1.476083562,1.878017009
Buenos Aires,,Argentina,1.805918507,1.933553609,1.785661799,1.670699463,1.402831871,1.401696796
Mexico City,,Mexico,0.89656661,0.86515206,0.803609638,0.975161704,1.148424878,0.981391459
Tokyo,,Japan,3.207904514,3.773565378,3.625980148,3.136541812,3.172477488,3.641740521
La Paz,La Paz Department,Bolivia,0,0,0,0,0,1.466271912
Barcelona,Catalonia,Spain,1.81420765,1.658731378,1.914464845,1.837848885,1.657288315,1.983511504
Nagpur,Maharashtra,India,0,0,0,0,0,0.611031788
Abidjan,,Cote d'Ivoire,0,0,0,0,0,0.695902199
Abu Dhabi,Emirate of Abu Dhabi,United Arab Emirates,1.695888124,1.769718751,1.735631827,2.143918309,2.087897211,1.751424734
Athens,Attica Region,Greece,1.655737705,1.673714383,1.532411554,1.624873654,1.565683136,1.666175097
Caracas,Capital District,Venezuela,0,0.991666667,1.55,0.9,1.198,1.055555556
Pune,Maharashtra,India,0.704524679,0.731265988,0.693543299,0.709725607,0.767880267,0.67438291
Guatemala City,Guatemala Department,Guatemala,0,0,0,0,0,1.40586181
Valenzuela,Metro Manila,Philippines,1.251951968,0,0,0,0,0
Osijek,Osijek-Baranja County,Croatia,1.443168042,1.570712258,0,0,0,0
Rijeka,Primorje-Gorski Kotar County,Croatia,1.546251474,1.719418744,1.687108122,1.739377935,0,1.46444639
Split,Split-Dalmatia County,Croatia,1.602878639,1.661330272,0,1.570043694,0,1.762170108
Hanover,Lower Saxony,Germany,0,1.572255648,1.874160322,1.740044377,1.779757774,2.122361591
DÃ¼sseldorf,North Rhine-Westphalia,Germany,0,2.016876679,1.821167338,1.798435128,1.576410188,1.953345838
Dubrovnik,Dubrovnik-Neretva County,Croatia,0,0,0,0,0,2.092460052
Munich,Bavaria,Germany,1.817174535,1.804972188,1.890894949,1.947136907,1.978752354,1.910704564
Dresden,Saxony,Germany,0,1.845839482,1.83796089,1.740044377,1.667823323,2.020766578
Innsbruck,Tyrol,Austria,0,0,0,0,2.079742103,0
Vienna,,Austria,2.063586687,2.00706336,2.093596059,2.127546633,1.871096286,1.960117211
Stockholm,Stockholm County,Sweden,2.637630743,2.656849199,2.504899852,2.46877582,2.483694541,2.539400969
Helsinki,Uusimaa,Finland,1.822794692,1.839974269,1.774145395,1.849527035,1.782810532,1.783173416
Dublin,,Ireland,1.633333333,1.731657017,1.851415372,1.89841378,2.131621288,2.115055101
Reykjavik,,Iceland,2.601872756,2.394161346,2.620196292,2.074728926,0,0
Tallinn,Harju County,Estonia,1.172761665,1.222680013,1.163233318,1.258737759,1.193501086,1.237077795
Riga,,Latvia,1.510538642,1.531892887,1.481564413,1.568208739,1.379592111,1.372132564
Bratislava,Bratislava Region,Slovakia,1.549570648,1.678790049,1.588611026,1.826038028,1.746177438,1.712020508
Budapest,,Hungary,1.358017204,1.467214595,1.483757539,1.58447107,1.464672639,1.442755836
Gdansk,Pomeranian Voivodeship,Poland,1.162504321,1.023185528,1.165491812,1.15739175,1.128207803,1.358840215
Frankfurt,Hesse,Germany,2.054644809,2.236349188,1.957212067,1.824127058,1.700470871,2.079432613
Wroclaw,Lower Silesian Voivodeship,Poland,1.069312071,1.086021319,1.203836225,1.181441449,1.200825278,1.259832971
Kochi,Kerala,India,0.599355447,0.654874919,0.720254089,0,0.787590562,0.587121849
Kaliningrad,Kaliningrad Oblast,Russia,0,0,0,0,0,1.235424955
Luxembourg,,Luxembourg,0,1.915654444,0,0,2.09877096,1.911285193
Phnom Penh,,Cambodia,0.9,0,0,0,1.5,1.416666667
Ho Chi Minh City,,Vietnam,0.738449002,0.984340045,0,0.73337685,0.920760918,0.883815673
Hanoi,,Vietnam,0.962530079,1.29753915,0,1.221250054,0.772432434,1.143896848
Bangkok,,Thailand,1.468298109,1.371317893,1.627617195,1.105565953,1.251828464,1.139563625
Kuala Lumpur,,Malaysia,1.45763385,1.445902682,1.27080891,1.506209348,1.419878296,1.367016681
Taipei,,Taiwan,1.693522267,2.63758737,2.537868722,2.199667258,2.056541296,1.976735835
Odessa,Odessa Oblast,Ukraine,1.525739631,1.20401964,1.179402245,1.052515163,1.129747827,1.063157148
Concepcion,Biobio Region,Chile,1.032271967,0,0,0,0,0
Bologna,Emilia-Romagna,Italy,0,2.111476899,0,2.008641831,1.90288567,2.129717786
Cagliari,Sardinia,Italy,0,0,0,0,0,1.647787622
Ottawa,Ontario,Canada,1.069316585,1.268684249,1.20298807,1.343871966,1.005295233,1.096701999
Yerevan,,Armenia,1.863306446,1.717018967,1.561215663,1.2742764,1.389394196,1.396755422
Khartoum,Khartoum,Sudan,0,0,0,0.819892004,0.451753768,0
Florence,Tuscany,Italy,0,0,0,0,1.996910609,1.803659425
Essen,North Rhine-Westphalia,Germany,0,0,0,1.93156604,0,2.17107153
Leipzig,Saxony,Germany,0,0,1.782915361,1.843479421,1.525506663,1.67747749
St. John's,Newfoundland and Labrador,Canada,1.630111058,0,0,0,0,0
Nuremberg,Bavaria,Germany,0,1.857191509,1.744929947,1.899645763,1.671554471,2.116640107
Edmonton,,Canada,1.508770209,1.457147572,1.37805261,1.204673047,1.22549986,1.351977497
Mannheim,Baden-Wurttemberg,Germany,0,0,0,1.586282066,1.596931504,2.18220523
Victoria,British Columbia,Canada,1.500666779,1.439042774,1.244806985,1.011581677,1.380101204,1.488104561
Winnipeg,Manitoba,Canada,1.459161019,1.524189371,1.634644038,1.299232245,1.284961632,1.617858901
Halifax,Nova Scotia,Canada,1.392575433,1.609188441,0,1.507961574,0,1.420897404
Quebec City,Quebec,Canada,0,1.381528733,0,0,0,1.364839977
Birmingham,England,United Kingdom,2.146982824,1.439438055,0,1.447267731,0,1.17840761
Minsk,,Belarus,1.267620731,1.142977007,1.127953941,1.149648467,1.377815432,1.218348326
Naples,Campania,Italy,0,0,0,0,1.847501382,1.861673935
Palermo,Sicily,Italy,0,0,0,0,0,1.391712519
Augsburg,Bavaria,Germany,0,0,0,0,1.953256173,0
Madrid,Community of Madrid,Spain,1.854887675,1.828192241,1.792838823,1.851376075,1.854380741,2.122528597
Freiburg im Breisgau,Baden-Wurttemberg,Germany,0,0,2.093596059,0,1.781996463,0
Bogota,,Colombia,0.814310297,0.892790128,0.872248328,0.941184175,0.738709186,1.001017282
Brasilia,Federal District,Brazil,1.236142951,1.152770973,1.296396157,1.051905964,1.116943567,0.779343172
Lima,Lima region,Peru,0.947221694,1.147169811,1.081237161,1.133819066,1.386760277,1.079585149
Santiago,Santiago Metropolitan Region,Chile,1.170073808,1.192202477,1.233130095,1.344895194,1.213726848,1.378062258
Quito,Pichincha Province,Ecuador,0,0,1.2,0,1.183333333,1.242629713
Asuncion,Capital District,Paraguay,0,0,0,0,0.614191148,0
Heidelberg,Baden-Wurttemberg,Germany,0,0,1.875279893,1.831133948,1.667823323,1.812566385
Kathmandu,Bagmati,Nepal,0.926117646,0.905051655,1.130001566,1.031758223,0,1.058940541
San Jose,San Jose Province,Costa Rica,1.246060632,1.327813254,1.238862712,0,1.344034732,1.422965052
San Salvador,San Salvador Department,El Salvador,0.912739619,0,0,0,0,1.508308959
Canberra,Australian Capital Territory,Australia,2.276472229,2.102997185,2.279625536,3.186347837,2.545412473,2.257133406
Sydney,,Australia,2.323535928,2.151373217,2.260231884,2.48309203,2.412067569,2.268635182
Melbourne,Victoria,Australia,2.431340556,2.123162302,2.33020545,2.21072346,2.466350418,2.175896824
Perth,Western Australia,Australia,3.505607886,2.65052161,2.590528576,2.466235383,2.398157206,2.221595561
Panama City,Panama Province,Panama,0,0,1.030385218,0,1.71125,1.789411945
Voronezh,Voronezh Oblast,Russia,0,0,0,0,0.954554063,0.976536028
Rabat,Rabat-Sale-Kenitra,Morocco,0,0,1.042049641,0,1.269893569,1.055388418
Algiers,Algiers Province,Algeria,1.640732058,2.004647137,3.092973871,3.224738526,2.003481282,1.873170189
Tunis,Tunis Governorate,Tunisia,1.545460482,1.50467861,1.357466063,1.769161386,1.767813361,1.74728844
Tripoli,,Libya,1.605956639,2.583216474,0,0,0,0
Tehran,Tehran Province,Iran,1.489230769,1.377092313,1.314970858,1.802918096,2.183565761,1.802210738
Addis Ababa,,Ethiopia,0,0,0,0,0,0.962857143
Jakarta,,Indonesia,1.490222777,1.343933371,1.555709623,1.582798847,1.629249838,1.526565694
Ankara,Ankara Province,Turkey,2.199095726,1.933459748,1.9682806,1.839631461,2.006618438,2.049057638
Krasnodar,Krasnodar Krai,Russia,0,0.894181216,1.139729025,1.001491822,1.005463613,0.951910767
Riyadh,Riyadh Province,Saudi Arabia,1.471389334,1.471487219,1.450758881,1.405590366,1.308881488,1.448812793
Belgrade,Belgrade District,Serbia,1.163176758,1.225269837,1.163817888,1.281863113,1.106962389,1.159701326
Accra,Greater Accra Region,Ghana,0,0,0,0,0,1.521541175
Amman,Amman Governorate,Jordan,1.443001443,1.685808315,1.378525506,1.775010113,1.817894317,1.905334771
Beirut,Beirut Governorate,Lebanon,1.566865594,1.293231131,1.166110208,1.352877921,1.326611544,2.83817988
Muscat,Muscat Governorate,Oman,1.909090909,1.699676589,1.350824782,1.714263451,1.888024555,1.579036929
Kigali,Kigali province,Rwanda,0,0,0,0,0,1.187297085
Doha,Ad Dawhah,Qatar,1.547349621,1.606633905,1.628251412,1.494553189,1.513844075,1.522993459
Nairobi,,Kenya,1.925055934,1.570669984,1.179888259,1.171859613,1.184249482,0.874586943
Lusaka,Lusaka Province,Zambia,0,0,0,0,0,0.935943681
Manama,Capital Governorate,Bahrain,1.909814324,2.358090186,1.8554351,1.941335715,2.65241436,1.792842971
Maputo,,Mozambique,0,0,0,0,0,0.660670146
Kampala,,Uganda,0,0,0,0,0,1.499312641
Gaborone,South-East District,Botswana,1.22688941,0,0,0,0,1.365487858
Harare,,Zimbabwe,0,1.075,0,0,0,1.96
Pretoria,Gauteng,South Africa,0.923722275,1.048299438,1.547957064,1.299761978,1.439781428,1.332138252
Glasgow,Scotland,United Kingdom,1.46868825,1.91682438,1.418013689,1.503964817,1.647286822,1.187556889
Curitiba,Parana,Brazil,1.018015472,0.877801191,1.011372888,0.693586507,0.534795128,0.643388005
Surat,Gujarat,India,0.550227952,0,0,0,0,0.494965267
Seattle,Washington,United States of America,1.614561861,1.672363732,1.66763954,1.93288233,1.927470064,1.690104057
Baltimore,Maryland,United States of America,0,0,0,1.490324892,0,1.725117202
Adelaide,South Australia,Australia,2.536660237,2.060138511,2.305008683,2.388712461,2.531759806,2.170754031
Saratov,Saratov Oblast,Russia,0,0,0,0,0.852225867,0.890931458
Cape Town,Western Cape,South Africa,1.101086008,1.094092821,1.354462431,1.400373183,1.590723886,1.371610629
Durban,KwaZulu-Natal,South Africa,1.085237831,1.095910019,0,1.299683205,1.028485271,1.145418661
Tyumen,Tyumen Oblast,Russia,0,0,0,0,0,1.156683585
Portland,Oregon,United States of America,2.013555328,1.70070888,1.643178727,1.401510095,1.600556023,1.861331385
Indianapolis,Indiana,United States of America,0,1.262146451,0,0,0,1.7379775
Antalya,Antalya Province,Turkey,1.810526458,1.672125496,1.413838424,1.71751783,1.837689035,2.014756725
Varna,Varna Province,Bulgaria,1.300185553,1.550991971,1.648351648,1.641462405,1.532239752,1.531517169
Irkutsk,Irkutsk Oblast,Russia,0,0,0,0,0,1.164829244
Toulouse,,France,0,2.151208991,0,2.450075908,0,2.224884414
Casablanca,Casablanca-Settat,Morocco,1.022435148,1.289619827,0,1.461187695,1.321375741,1.123477994
Ostrava,,Czech Republic,1.286436793,1.319244585,0,0,1.13426206,1.379627964
Miami,Florida,United States of America,0,1.554258948,1.657876212,0,1.697559419,1.550245694
Karachi,Sindh,Pakistan,0.75139182,0.781703362,0.921904936,0.808085274,0.51196718,0.544329568
Lagos,Lagos,Nigeria,0,2.269587213,0,0,0,1.653388493
Rio de Janeiro,Rio de Janeiro,Brazil,1.318774927,1.413021551,1.395694586,1.244952072,1.268396602,0.98050291
Seoul,,South Korea,5.183231445,3.777078417,4.241104788,0,3.700744354,3.119389637
Shanghai,,People's Republic of China,1.871179004,1.620252827,1.382933979,2.104147509,1.617162194,1.821417062
Bilbao,Basque Autonomous Community,Spain,0,1.983766602,0,0,0,0
Seville,Andalusia,Spain,0,0,0,1.96192923,0,0
Valencia,Community of Valencia,Spain,0,1.605500868,1.809971638,1.539180194,1.507916964,1.583768847
Palma,Balearic Islands,Spain,1.710382514,0,0,0,0,0
Malaga,Andalusia,Spain,0,1.316835055,0,1.700338666,1.81109942,1.409526439
Cancun,Quintana Roo,Mexico,0.889503446,0,0,0,0,0.752624654
Guadalajara,Jalisco,Mexico,0.773749267,0.798564874,0,1.002736971,0.976332589,1.137180405
Baku,,Azerbaijan,2.260215054,1.732171522,1.581803919,1.30885952,1.441997063,1.367736522
Male,Kaafu Atoll,Maldives,0,0,0,0,0,2.653721683
Bishkek,,Kyrgyzstan,0,0,1.509779509,0,1.455428471,1.390605439
Coimbatore,Tamil Nadu,India,0.597390347,0.683202842,0.807616444,0,0.891069614,0.71951207
Mysore,Karnataka,India,0,0,0,0.663221681,0,0.597748489
Bandung,West Java,Indonesia,0,1.272004543,0,0,0,1.488249301
Saskatoon,Saskatchewan,Canada,0,1.797436699,0,0,0,0
Belfast,Northern Ireland,United Kingdom,0,0,0,0,0,1.339380979
Cardiff,Wales,United Kingdom,0,0,0,0,0,1.334221576
Sarajevo,Federation of Bosnia and Herzegovina,Bosnia and Herzegovina,1.133840787,1.217420052,1.137662501,1.326556114,1.253383423,1.208280216
Surabaya,East Java,Indonesia,0,0,0,0,0,1.214670541
Darwin,Northern Territory,Australia,0,2.775707899,0,0,0,0
Lahore,Punjab,Pakistan,0.927158092,0.893667861,0.673283474,0.828784424,0.582787929,0.526160885
Vadodara,Gujarat,India,0.396950165,0.459287276,0.388277137,0,0.467092943,0.398498992
Detroit,Michigan,United States of America,0,1.194170587,0,0,0,1.326447944
Graz,Styria,Austria,0,2.131910546,0,2.117637899,2.09877096,1.932810346
Tartu,Tartu County,Estonia,0,0,0,1.378021721,1.161879603,1.361094844
Brno,,Czech Republic,1.165832575,1.246420044,1.34262249,1.387620069,1.301100606,1.277880401
Shenzhen,Guangdong,People's Republic of China,1.677608762,2.485030546,0.853066627,0,1.662837964,1.50698139
San Diego,California,United States of America,2.347923092,1.974362037,1.604801874,1.735736778,0,2.257901002
San Jose,California,United States of America,2.332490734,1.798972059,0,0,0,1.969462876
Denver,Colorado,United States of America,1.567286264,1.65639865,1.520017795,1.661734301,0,1.460300032
Houston,Texas,United States of America,1.297971569,1.434382593,1.072916343,1.191936183,1.614886071,1.303271142
Phoenix,Arizona,United States of America,1.496387605,1.456545837,1.392920657,1.469748415,0,1.554258948
Dallas,Texas,United States of America,0,1.452111434,1.121601759,0,1.335116656,1.456882535
Fort Worth,Texas,United States of America,0,1.286172632,0,0,0,1.388912252
Austin,Texas,United States of America,1.094962569,1.09758712,1.102311311,1.110578646,1.204275107,1.207454851
Memphis,Tennessee,United States of America,0,0,0,0,0,1.164040744
Charlotte,North Carolina,United States of America,0,1.554258948,1.291908856,0,0,1.438516261
Jacksonville,Florida,United States of America,1.704908161,1.512371119,1.441823195,0,0,1.444027817
Guangzhou,Guangdong,People's Republic of China,0,0,0.821199196,0,0,0
Oakland,California,United States of America,0,1.966523379,0,0,0,2.120112088
Thessaloniki,,Greece,1.700943865,1.759564082,1.740422587,1.571242024,1.774960583,1.618840002
Sacramento,California,United States of America,1.732833381,1.52486398,0,0,0,1.714094088
Honolulu,Hawaii,United States of America,4.184373736,2.902753119,2.526497525,0,3.03831262,3.130564123
Manchester,England,United Kingdom,0,1.670953236,1.124945391,1.856746688,1.128033367,1.557345905
Brooklyn,New York,United States of America,0,0,0,0,0,1.857394559
Tucson,Arizona,United States of America,1.222944897,0,0,0,0,1.300727347
Bucharest,,Romania,1.339766127,1.290121744,1.256735953,1.308265677,1.34880356,1.31493047
Tirana,Tirana County,Albania,1.36971774,1.270097506,1.494646969,1.498791667,1.52624448,1.486389781
Red Deer,Alberta,Canada,2.106540062,0,0,0,0,0
Bristol,England,United Kingdom,1.447788418,1.190129568,0,0,0,1.188726416
Nashville,Tennessee,United States of America,0,1.468278666,1.300727347,0,0,1.096799754
Salt Lake City,Utah,United States of America,0,1.457806709,1.289704234,1.521189609,1.229077112,1.369315606
Ulaanbaatar,,Mongolia,4.906031582,0,0,0,0,2.157627579
Edinburgh,Scotland,United Kingdom,0,1.623234823,2.11943595,0,1.392821031,1.405421335
Atlanta,Georgia,United States of America,1.29521579,1.556463571,1.459059335,1.403609736,3.486978114,2.241366332
Podgorica,Podgorica Municipality,Montenegro,1.06557377,0,1.209135692,0,1.231278963,1.055845898
Wellington,Wellington Region,New Zealand,2.540470282,2.335978652,2.308479188,1.920862784,1.872640411,1.714370668
Las Vegas,Nevada,United States of America,3.554953978,1.308600999,1.791756931,1.34849417,1.670804391,1.488403595
Vancouver,British Columbia,Canada,1.464245272,1.374635327,1.254491093,1.33762089,1.620164189,1.242543259
Liverpool,England,United Kingdom,1.951480632,1.89256078,1.21049949,0,1.308139535,1.397898337
Albany,New York,United States of America,0,1.543235835,0,0,0,0
Bremen,,Germany,1.516939891,0,1.804746977,1.740044377,1.669688897,0
Gothenburg,Vastra Gotaland County,Sweden,2.267997225,2.759526791,2.193767798,2.242968548,2.35863957,2.322253097
Kosice,Kosice Region,Slovakia,0,1.791349756,0,1.557865234,0,1.614386522
Trondheim,Trondelag,Norway,2.437137574,2.479816875,2.777156709,0,0,2.404600699
Bergen,Vestland,Norway,0,2.165993896,0,0,0,2.378744778
Martin,Zilina region,Slovakia,0,2.412305597,0,0,0,0
Krakow,Lesser Poland Voivodeship,Poland,1.163264042,1.182248526,1.198151443,1.278256517,1.11770141,1.240346337
Little Rock,Arkansas,United States of America,0,0,1.26089867,1.494734138,0,0
New Orleans,Louisiana,United States of America,0,0,0,0,1.763698097,1.403609736
Johannesburg,Gauteng,South Africa,1.204416117,1.216147004,1.357439272,1.370658086,1.307033365,1.184208933
Albuquerque,New Mexico,United States of America,0,1.486545539,0,0,0,1.998857844
Santo Domingo,,Dominican Republic,0,0.977982745,0.942359505,0.638039817,0,0.653771888
Oklahoma City,Oklahoma,United States of America,0,1.788893785,0,0,0,0
Brisbane,Queensland,Australia,2.360973796,1.993293592,1.901569447,2.33000113,2.542677732,2.299748489
Kuwait City,,Kuwait,0,0,0,0,0,1.542752261
Colombo,Western Province,Sri Lanka,1.178978015,0.994138695,1.226850114,1.075456978,0,1.022475986
Almaty,,Kazakhstan,2.146691354,1.348921268,1.933304849,1.532406095,1.381191264,1.339671938
Boise,Idaho,United States of America,0,1.554258948,0,0,0,1.644648476
Izmir,Izmir Province,Turkey,2.04778051,1.86580407,1.990684501,1.792860177,1.990894781,2.149628465
Lviv,Lviv Oblast,Ukraine,1.532997518,1.160063635,1.124400606,1.112171893,1.192773384,1.123111303
Minneapolis,Minnesota,United States of America,1.888626713,1.507961873,1.369621804,1.470798235,2.050299038,1.363716565
Calgary,,Canada,1.4603109,1.404245203,1.268695787,1.411251208,1.207468092,1.377217209
Aberdeen,Scotland,United Kingdom,1.972944216,0,0,0,0,0
Porto,,Portugal,1.073224044,1.161913284,1.172749664,1.26867177,1.490763373,1.178414263
Cork,,Ireland,0,1.814432209,2.182158274,1.956090155,1.775560232,2.087568778
Salvador,Bahia,Brazil,0,0,0,0,0,0.504753092
Auckland,Auckland Region,New Zealand,2.288195675,2.122394926,2.131220965,1.925991302,1.938817254,1.926537733
Cleveland,Ohio,United States of America,1.15191532,0,0,0,0,0
Lublin,Lublin Voivodeship,Poland,1.128308599,1.096914113,0,0,0,0
Milwaukee,Wisconsin,United States of America,0,0,1.215691903,0,0,0
Adana,Adana Province,Turkey,0,1.413549388,1.413838424,0,1.98936687,2.202728587
Leeds,England,United Kingdom,1.646653493,1.324792546,0.988786952,2.572920411,0,0
Anchorage,Alaska,United States of America,0,0,0,2.557362241,0,1.988569605
Hobart,Tasmania,Australia,0,0,0,0,2.25095453,0
Manaus,Amazonas,Brazil,0,1.825220708,1.443633661,0,0,1.121673537
Porto Alegre,Rio Grande do Sul,Brazil,1.286782024,1.219106859,1.236909042,0.940001074,1.1148201,0.895718634
Buffalo,New York,United States of America,0,1.161101248,1.172859235,0,1.069241972,1.196007772
Bursa,Bursa Province,Turkey,1.630151278,2.052937581,1.918780719,1.955867244,2.045702014,2.306267164
Tampere,,Finland,1.472677596,0,0,0,0,1.534595004
Raleigh,North Carolina,United States of America,1.784503007,1.576305175,1.44623244,0,0,1.336001309
Bydgoszcz,Kuyavian-Pomeranian Voivodeship,Poland,0,0,0,0,0,1.254700107
Nottingham,England,United Kingdom,1.595987232,0,0,0,0,0
Linz,Upper Austria,Austria,0,0,0,0,1.790951219,0
Haifa,Haifa District,Israel,1.858880025,1.723642631,1.811609587,0,2.254667133,2.463687128
Kansas City,Missouri,United States of America,1.811464921,1.421981591,0,0,0,2.171553283
Isfahan,Isfahan Province,Iran,1.2,1.236959001,1.201055767,1.75954579,0,1.76875668
Kharkiv,Kharkiv Oblast,Ukraine,1.606302168,1.077851733,1.017808821,0.981779326,1.001929642,1.001827791
York,England,United Kingdom,0,1.339350706,0,0,0,0
Belo Horizonte,Minas Gerais,Brazil,1.052036554,1.140762942,1.028999673,0.952892518,1.069717664,0.754684964
Cincinnati,Ohio,United States of America,2.023843567,1.217441603,0,0,1.574100552,1.41830722
Omaha,Nebraska,United States of America,0,0,0,0,0,1.339308243
Richmond,Virginia,United States of America,1.393321497,1.433004704,0,0,0,1.069241972
Chandigarh,,India,0.943247917,0.80984532,0.807616444,0,0.918216896,0.904924795
Fortaleza,Ceara,Brazil,1.036334516,1.296387024,1.398728704,0,0,0.822373648
Louisville,Kentucky,United States of America,0,0,0,0,0,1.141994518
Madison,Wisconsin,United States of America,1.273169564,1.082714665,1.073966163,1.053809613,1.043664144,1.102311311
Markham,Ontario,Canada,0,0,0,0,0,1.00357951
Brampton,Ontario,Canada,0,0,0,0,0,1.676990359
Cordoba,Cordoba Province,Argentina,0,0,1.861626921,1.28996074,1.528915141,1.470983967
Tulsa,Oklahoma,United States of America,0,0,0,1.384503007,0,0
Coimbra,Coimbra,Portugal,0,1.319673062,1.549484998,1.26824711,0,0
Oulu,,Finland,0,1.671585878,0,0,0,0
Charleston,South Carolina,United States of America,0,0,0,0,0,1.300727347
Lucknow,Uttar Pradesh,India,0,0.543646164,0,0.594817651,0,0.604780824
Dnipro,Dnipropetrovsk Oblast,Ukraine,1.460814541,1.048151875,1.148768421,1.056776358,0.909158379,1.004521911
Medellin,Antioquia Department,Colombia,0,0.684015677,0.960384154,0.888243338,0.547870362,0.629746737
Kayseri,Kayseri Province,Turkey,0,0,0,0,0,2.412316411
Recife,Pernambuco,Brazil,0,0,0,0,0,0.801195384
Rochester,New York,United States of America,1.380529079,0,0,0,0,0
Fremont,California,United States of America,0,0,0,0,0,2.364457762
Reno,Nevada,United States of America,1.947416649,0,1.245611781,0,0,1.572773573
Orlando,Florida,United States of America,1.925370423,1.473422786,0,1.336001309,0,1.557014727
Lexington,Kentucky,United States of America,0,1.537724279,0,0,0,0
Riverside,California,United States of America,1.625909184,0,0,0,0,0
Tampa,Florida,United States of America,0,1.451376559,0,1.331040908,1.462399672,1.537724279
Wichita,Kansas,United States of America,0,0,0,0,0,1.349229045
Mississauga,Ontario,Canada,0,0,1.029647541,0,0,1.083133479
Cali,Valle del Cauca Department,Colombia,0,0.75010668,0,0,0,0
Chiang Mai,Chiang Mai,Thailand,0.593251761,1.099418656,0,0.467872739,0.918449103,1.063129479
Rosario,Santa Fe Province,Argentina,0,0,0,0,1.27160991,0
Novi Sad,,Serbia,1.124808492,1.024777515,1.078857143,1.251785911,1.231537104,1.298210829
Newcastle,New South Wales,Australia,2.629857784,0,0,0,0,0
Navi Mumbai,Maharashtra,India,0.628831945,0.662373487,0.667836675,0,0,0
Jaipur,Rajasthan,India,0.471623958,0.449914066,0.496994735,0.475854121,0.47188364,0.402483982
Kanpur,Uttar Pradesh,India,0,0,0,0,0,0.637598388
Indore,Madhya Pradesh,India,0.589529948,0,0.559119077,0.654299416,0,0.498123741
Portsmouth,England,United Kingdom,0,1.976998107,0,0,0,0
Southampton,England,United Kingdom,0,1.92895618,0,0,0,0
Konya,Konya Province,Turkey,0,0,0,0,2.174353902,2.520716068
Debrecen,Hajdu-Bihar County,Hungary,0,1.370664633,0,0,1.494683533,0
Christchurch,Canterbury Region,New Zealand,2.250088621,2.205648877,2.042763615,1.988838589,0,2.094137262
Patna,Bihar,India,0,0,0,0,0,0.563710033
Bhopal,Madhya Pradesh,India,0,0.503475265,0,0,0,0.575609656
Monterrey,Nuevo Leon,Mexico,1.39274868,0.826643808,0.691167194,0.742025358,1.079062117,0.938513876
Olomouc,,Czech Republic,1.114649682,1.279097723,0,1.455893327,0,0
Szeged,Csongrad-Csanad County,Hungary,0,0,0,0,0,1.491866069
Giza,Giza Governorate,Egypt,0,1.407736922,0,0,0,0
Goiania,Goias,Brazil,0,1.224819159,0,0.842240963,0,0.665993663
Sibiu,Sibiu County,Romania,0,0,0,0,0,1.275675841
London,Ontario,Canada,1.418127129,0,0,1.155597589,0.859244119,0.867667236
Rawalpindi,Punjab,Pakistan,0,0,0.891344552,0,0,0.730992498
Oradea,,Romania,0,0,0,0,0,1.34060545
Cluj-Napoca,Cluj County,Romania,1.267141876,1.27224094,1.206724754,1.326701461,1.198734011,1.276657969
Mashhad,Razavi Khorasan Province,Iran,0,1.245221404,1.333165541,2.45080395,2.11547608,2.306262122
Tijuana,Baja California,Mexico,0,0,0,0,0,0.884107274
Port Elizabeth,Eastern Cape,South Africa,0,1.274834104,0,0,0,0
Nis,Nisava District,Serbia,1.063396534,1.082001934,0,0,0,1.010244064
Galway,Connacht,Ireland,1.64845173,0,0,0,0,1.781392024
Norwich,England,United Kingdom,0,1.30149949,0,0,0,0
Banja Luka,Republika Srpska,Bosnia and Herzegovina,1.177849726,0,0,1.13199455,1.28186941,1.238416146
Brighton,England,United Kingdom,2.65997872,0,0,0,0,0
Natal,Rio Grande do Norte,Brazil,0,0,0,0,0,0.654309563
Hanover,New Hampshire,United States of America,0,0,0,2.02195389,0,0
Erbil,,Iraq,1.273756906,1.367738248,0,0,0,1.134195293
Florianopolis,Santa Catarina,Brazil,1.067738592,0.976252918,1.061941533,0,0,0.65287152
Hamilton,Ontario,Canada,0,0,0,0,0,1.227705763
Patras,West Greece Region,Greece,0,0,0,1.891860329,0,0
Exeter,England,United Kingdom,0,0,0,0,0,1.145387432
Gold Coast,Queensland,Australia,2.015362385,1.931445604,0,0,2.513016314,0
Ivano-Frankivsk,Ivano-Frankivsk Oblast,Ukraine,0,0,0,0,0,0.985919654
Sumy,Sumy Oblast,Ukraine,0,0.977989749,0,0,0,0.967317396
Joinville,Santa Catarina,Brazil,0,0,0,0,0.566965651,0.534664386
Santa Barbara,California,United States of America,0,1.954765391,0,0,0,0
Samsun,Samsun Province,Turkey,0,0,0,1.899084001,2.235940144,2.445002969
Heraklion,,Greece,0,0,0,0,0,1.647787622
West Palm Beach,Florida,United States of America,0,1.410958478,0,0,0,0
Merida,Yucatan,Mexico,0,0,0,0,0,0.939089538
Fort Lauderdale,Florida,United States of America,0,1.967011495,0,0,0,1.692047862
Joao Pessoa,Paraiba,Brazil,0,0,0,0,0,0.628137181
Thiruvananthapuram,,India,0.723156736,0.676537448,0,0.718737995,0.626623148,0.650881688
Craiova,Dolj County,Romania,0,1.301361812,0,1.277906278,0,0
Eskisehir,,Turkey,0,1.792794346,1.885117899,1.671951031,1.978484161,2.759391163
Qingdao,Shandong,People's Republic of China,0,0,0,0,0,0.952741233
Agadir,Souss-Massa,Morocco,0,0,0,0,0,0.88516448
Pattaya,Chon Buri,Thailand,0,0,0,0,1.22824243,0
Eugene,Oregon,United States of America,0,0,0,0,0,2.054708284
Campinas,Sao Paulo,Brazil,1.00493044,1.123231217,1.33734615,1.047429768,1.172153705,0.964906307
Bhubaneswar,Odisha,India,0.538437353,0.717720058,0,0.773262947,0,0.802532693
Alanya,Antalya Province,Turkey,0,0,0,0,1.971730032,0
Faisalabad,Punjab,Pakistan,0,0,0,0,0,0.502130361
Paphos,Paphos District,Cyprus,0,0,0,0,0,1.555934596
Grand Rapids,Michigan,United States of America,0,1.318364328,0,0,0,0
Limassol,Limassol District,Cyprus,1.355191257,1.884436372,0,0,1.7056012,0
Chattanooga,Tennessee,United States of America,0,0,0,0,0,1.686536306
Spokane,Washington,United States of America,0,1.565282062,0,0,0,1.305136592
Cairns,Queensland,Australia,0,0,2.006933453,0,0,0
Sao Jose dos Campos,Sao Paulo,Brazil,0,0,0,0,0,1.059981492
Netanya,Central District,Israel,0,0,0,0,2.205053431,0
Ramat Gan,Tel Aviv District,Israel,1.735670765,0,0,0,0,0
Guwahati,Assam,India,0,0,0,0,0,1.168930378
Balikesir,Balikesir Province,Turkey,0,0,0,0,1.785087762,0
Tacoma,Washington,United States of America,0,0,0,0,0,1.29521579
Visakhapatnam,Andhra Pradesh,India,0,0.581139002,0,0,0,0.844438341
Vijayawada,Andhra Pradesh,India,0,0,0,0.669169858,0,0.624315088
Ludhiana,Punjab,India,0,0,0,0,0,0.664164987
Kitchener,Ontario,Canada,0,0,0,0,0,0.999635139
Thane,Maharashtra,India,0,0,0,0,0,0.708442653
